{"covariate_files": "~/projects/metabolomics/data/covariates", "true_beta": [0.12029563171189886, 0.514438834058749], "true_b": [2.4744099187259265, 1.2502386054414205, 0.9772572195095852, 2.8517845479323394, 2.221542674653061, 1.5010089756289642, 3.0341013170150153, 2.0771164228619057, 2.7861981227092176, 2.0450123209400726, 3.3738319499213247, 3.1702272282954693, 1.834023901013951, 2.6477139673029035, 2.4302506330567653, 2.912421038354899, 1.3567176929465972], "samples_per_lab": [41, 42, 35, 37, 34, 39, 41, 43, 40, 44, 36, 35, 39, 40, 39, 34, 39], "mean": [0.0, 0.0, 0.0, 0.0, 0.0, 0.0, 0.0, 0.0, 0.0, 0.0, 0.0, 0.0], "corr": [[1.0, 0.5, 0.5, 0.5, 0.0, 0.0, 0.0, 0.0, 0.0, 0.0, 0.0, 0.0], [0.5, 1.0, 0.5, 0.5, 0.0, 0.0, 0.0, 0.0, 0.0, 0.0, 0.0, 0.0], [0.5, 0.5, 1.0, 0.5, 0.0, 0.0, 0.0, 0.0, 0.0, 0.0, 0.0, 0.0], [0.5, 0.5, 0.5, 1.0, 0.0, 0.0, 0.0, 0.0, 0.0, 0.0, 0.0, 0.0], [0.0, 0.0, 0.0, 0.0, 1.0, 0.5, 0.5, 0.5, 0.5, 0.0, 0.0, 0.0], [0.0, 0.0, 0.0, 0.0, 0.5, 1.0, 0.5, 0.5, 0.5, 0.0, 0.0, 0.0], [0.0, 0.0, 0.0, 0.0, 0.5, 0.5, 1.0, 0.5, 0.5, 0.0, 0.0, 0.0], [0.0, 0.0, 0.0, 0.0, 0.5, 0.5, 0.5, 1.0, 0.5, 0.0, 0.0, 0.0], [0.0, 0.0, 0.0, 0.0, 0.5, 0.5, 0.5, 0.5, 1.0, 0.5, 0.5, 0.5], [0.0, 0.0, 0.0, 0.0, 0.0, 0.0, 0.0, 0.0, 0.5, 1.0, 0.5, 0.5], [0.0, 0.0, 0.0, 0.0, 0.0, 0.0, 0.0, 0.0, 0.5, 0.5, 1.0, 0.5], [0.0, 0.0, 0.0, 0.0, 0.0, 0.0, 0.0, 0.0, 0.5, 0.5, 0.5, 1.0]]}